<?xml version="1.0" encoding="ISO-8859-1"?>
<library>
<bname>Maths</bname>
<price>350</price>
<author> Ahir sir</author>
<title>Maths 3 </title>
<category> Education</category>
<bname>Programming with c++</bname>
<price>250</price>
<author> Bjarne stroustrup</author>
<title> C++</title>
<category> Education</category>
<bname>vb.net</bname>
<price>450</price>
<author> Shirish Chavan</author>
<title>.net</title>
<category> Education</category>
<bname>IT ENDS WITH US </bname>
<price> 600</price>
<author> Colleen Hoover</author>
<edition> First edition</edition>
<category> Romance</category>
</library>